Age,Perseverance,DesireToTakeInitiative,Competitiveness,SelfReliance,StrongNeedToAchieve,SelfConfidence,GoodPhysicalHealth,"EducationSector_Art, Music or Design","EducationSector_Economic Sciences, Business Studies, Commerce and Law",EducationSector_Engineering Sciences,EducationSector_Humanities and Social Sciences,EducationSector_Language and Cultural Studies,EducationSector_Mathematics or Natural Sciences,"EducationSector_Medicine, Health Sciences",EducationSector_Others,"EducationSector_Teaching Degree (e.g., B.Ed)",IndividualProject_No,IndividualProject_Yes,Gender_Female,Gender_Male,City_No,City_Yes,Influenced_No,Influenced_Yes,MentalDisorder_No,MentalDisorder_Yes,KeyTraits_Passion,KeyTraits_Positivity,KeyTraits_Resilience,KeyTraits_Vision,KeyTraits_Work Ethic,y
19,2,2,3,3,2,2,3,0,0,1,0,0,0,0,0,0,1,0,0,1,0,1,1,0,0,1,1,0,0,0,0,1
22,3,3,3,4,4,3,4,0,0,1,0,0,0,0,0,0,0,1,0,1,1,0,0,1,0,1,0,0,0,1,0,0
18,3,4,3,3,3,4,4,0,0,1,0,0,0,0,0,0,1,0,0,1,0,1,1,0,1,0,1,0,0,0,0,0
20,3,3,3,3,4,3,3,0,0,1,0,0,0,0,0,0,0,1,0,1,0,1,0,1,1,0,0,0,1,0,0,0
19,2,3,3,3,4,3,2,0,0,1,0,0,0,0,0,0,0,1,0,1,0,1,0,1,0,1,0,0,0,1,0,1
19,3,3,3,3,3,3,3,0,0,1,0,0,0,0,0,0,1,0,0,1,0,1,0,1,1,0,0,1,0,0,0,1
19,3,2,3,3,4,1,1,0,0,1,0,0,0,0,0,0,0,1,0,1,0,1,0,1,1,0,0,0,0,0,1,1
20,4,2,4,4,5,3,4,0,0,1,0,0,0,0,0,0,1,0,0,1,0,1,0,1,0,1,0,0,0,0,1,0
20,2,3,3,1,2,2,2,0,0,0,0,0,0,0,1,0,0,1,0,1,0,1,0,1,1,0,1,0,0,0,0,0
17,2,3,2,1,4,3,3,0,0,1,0,0,0,0,0,0,0,1,0,1,0,1,0,1,0,1,0,0,0,0,1,1
19,3,3,3,4,3,5,4,0,1,0,0,0,0,0,0,0,0,1,0,1,0,1,1,0,1,0,0,0,1,0,0,0
19,3,3,4,4,5,4,5,0,1,0,0,0,0,0,0,0,0,1,0,1,0,1,0,1,1,0,1,0,0,0,0,1
19,4,4,4,4,4,4,3,0,0,1,0,0,0,0,0,0,0,1,0,1,0,1,0,1,0,1,0,0,0,0,1,0
21,4,3,4,4,5,4,4,0,0,1,0,0,0,0,0,0,1,0,0,1,0,1,0,1,1,0,0,0,0,1,0,1
20,2,1,2,3,3,2,3,0,0,0,0,0,0,0,1,0,1,0,0,1,1,0,0,1,1,0,1,0,0,0,0,1
18,3,4,3,3,4,4,5,0,0,1,0,0,0,0,0,0,1,0,0,1,0,1,0,1,1,0,0,1,0,0,0,1
20,3,2,3,2,3,2,2,0,0,1,0,0,0,0,0,0,0,1,0,1,0,1,0,1,0,1,0,0,0,1,0,0
21,4,3,4,4,4,4,4,0,0,1,0,0,0,0,0,0,1,0,0,1,0,1,1,0,1,0,0,1,0,0,0,0
19,4,4,4,5,5,3,4,0,0,1,0,0,0,0,0,0,1,0,0,1,0,1,0,1,1,0,1,0,0,0,0,1
20,3,4,4,5,5,2,4,0,0,1,0,0,0,0,0,0,1,0,1,0,0,1,0,1,0,1,1,0,0,0,0,0
19,1,3,2,3,3,2,3,0,0,1,0,0,0,0,0,0,1,0,0,1,0,1,1,0,0,1,0,0,0,1,0,0
21,4,5,4,4,5,4,4,0,0,1,0,0,0,0,0,0,1,0,1,0,0,1,0,1,1,0,0,1,0,0,0,0
19,2,3,3,2,3,2,3,0,0,1,0,0,0,0,0,0,1,0,0,1,0,1,0,1,1,0,0,0,0,1,0,1
19,5,5,5,5,5,5,5,0,1,0,0,0,0,0,0,0,0,1,0,1,0,1,0,1,1,0,0,0,0,1,0,1
20,3,3,3,4,3,3,3,0,0,1,0,0,0,0,0,0,0,1,0,1,0,1,0,1,1,0,0,0,0,0,1,0
18,3,4,3,4,5,4,4,0,0,1,0,0,0,0,0,0,1,0,0,1,0,1,0,1,1,0,0,0,0,1,0,0
21,3,3,3,3,3,3,3,1,0,0,0,0,0,0,0,0,0,1,0,1,0,1,0,1,1,0,1,0,0,0,0,1
20,4,4,4,4,4,4,4,0,1,0,0,0,0,0,0,0,1,0,0,1,0,1,1,0,1,0,0,0,0,0,1,0
23,2,3,3,3,3,3,3,0,1,0,0,0,0,0,0,0,1,0,1,0,0,1,0,1,1,0,0,0,0,0,1,1
18,4,4,4,5,5,4,3,0,0,1,0,0,0,0,0,0,1,0,0,1,0,1,0,1,1,0,1,0,0,0,0,1
17,3,5,2,4,5,3,5,0,1,0,0,0,0,0,0,0,0,1,0,1,0,1,0,1,0,1,0,0,0,0,1,1
18,3,3,4,3,3,3,3,0,0,1,0,0,0,0,0,0,1,0,0,1,0,1,0,1,1,0,0,0,0,0,1,0
19,4,4,4,4,4,4,4,0,0,0,1,0,0,0,0,0,1,0,0,1,0,1,0,1,1,0,0,0,0,1,0,1
22,4,3,5,5,4,2,4,0,0,1,0,0,0,0,0,0,0,1,0,1,1,0,1,0,1,0,0,0,1,0,0,0
19,3,3,3,4,5,5,3,0,0,1,0,0,0,0,0,0,1,0,0,1,0,1,0,1,1,0,0,1,0,0,0,1
21,4,4,3,4,4,3,5,0,1,0,0,0,0,0,0,0,0,1,0,1,0,1,0,1,1,0,1,0,0,0,0,0
19,3,4,4,3,3,4,3,0,0,1,0,0,0,0,0,0,1,0,0,1,0,1,1,0,1,0,0,0,0,0,1,0
23,5,4,4,3,5,4,4,0,1,0,0,0,0,0,0,0,1,0,0,1,1,0,0,1,1,0,1,0,0,0,0,1
18,3,4,4,5,5,3,5,0,0,1,0,0,0,0,0,0,1,0,0,1,0,1,1,0,1,0,0,1,0,0,0,0
21,3,4,3,3,3,4,4,0,0,1,0,0,0,0,0,0,1,0,0,1,0,1,1,0,1,0,0,1,0,0,0,0
18,3,4,2,3,3,4,4,0,0,1,0,0,0,0,0,0,1,0,0,1,1,0,0,1,1,0,0,1,0,0,0,1
20,4,1,3,4,5,2,2,1,0,0,0,0,0,0,0,0,0,1,0,1,0,1,1,0,0,1,0,1,0,0,0,0
26,2,3,2,3,3,2,3,0,0,1,0,0,0,0,0,0,0,1,0,1,1,0,0,1,0,1,0,0,0,1,0,1
20,5,4,5,5,5,4,5,0,0,1,0,0,0,0,0,0,1,0,1,0,0,1,0,1,1,0,0,1,0,0,0,1
20,5,4,5,5,4,5,4,0,0,1,0,0,0,0,0,0,1,0,1,0,1,0,1,0,0,1,1,0,0,0,0,0
21,4,4,5,5,4,4,3,0,0,1,0,0,0,0,0,0,0,1,0,1,0,1,1,0,1,0,0,1,0,0,0,1
20,5,3,4,4,5,3,3,0,0,1,0,0,0,0,0,0,0,1,1,0,0,1,1,0,1,0,0,0,0,0,1,0
20,4,5,5,4,4,4,4,0,0,0,0,0,0,0,1,0,0,1,0,1,0,1,0,1,1,0,0,1,0,0,0,0
19,1,1,1,1,1,1,1,0,0,0,0,0,0,1,0,0,0,1,1,0,0,1,0,1,1,0,0,1,0,0,0,1
21,4,5,5,5,5,4,4,0,0,1,0,0,0,0,0,0,0,1,1,0,0,1,0,1,0,1,1,0,0,0,0,0
20,2,2,2,3,3,3,2,0,0,1,0,0,0,0,0,0,0,1,0,1,0,1,0,1,1,0,0,0,0,1,0,1
20,5,5,5,4,5,4,4,0,0,1,0,0,0,0,0,0,0,1,1,0,0,1,0,1,1,0,0,1,0,0,0,1
19,3,2,2,2,3,1,2,0,0,0,0,0,0,0,0,1,1,0,0,1,0,1,0,1,1,0,0,0,0,0,1,0
21,4,5,5,5,4,5,5,0,0,1,0,0,0,0,0,0,0,1,0,1,0,1,0,1,1,0,0,0,0,0,1,1
19,4,4,5,5,5,5,5,0,0,1,0,0,0,0,0,0,0,1,0,1,0,1,0,1,0,1,1,0,0,0,0,1
20,3,4,4,5,4,3,4,0,0,1,0,0,0,0,0,0,1,0,1,0,0,1,1,0,1,0,0,1,0,0,0,0
20,3,4,3,5,4,5,3,0,0,1,0,0,0,0,0,0,1,0,1,0,0,1,0,1,1,0,0,1,0,0,0,0
19,3,3,3,4,2,4,4,0,0,1,0,0,0,0,0,0,0,1,0,1,0,1,1,0,0,1,0,0,0,0,1,0
20,3,5,5,4,5,2,4,0,0,1,0,0,0,0,0,0,0,1,0,1,0,1,0,1,0,1,1,0,0,0,0,1
19,3,4,3,3,4,3,4,0,1,0,0,0,0,0,0,0,0,1,0,1,0,1,0,1,0,1,0,0,0,0,1,0
19,4,5,4,4,5,5,3,0,0,1,0,0,0,0,0,0,0,1,1,0,0,1,1,0,0,1,0,1,0,0,0,1
19,3,5,4,5,5,5,3,0,0,1,0,0,0,0,0,0,1,0,0,1,0,1,0,1,1,0,0,1,0,0,0,0
20,5,5,5,5,5,5,5,0,0,1,0,0,0,0,0,0,1,0,0,1,0,1,0,1,1,0,0,1,0,0,0,0
19,2,3,1,2,2,1,3,0,0,1,0,0,0,0,0,0,0,1,0,1,0,1,0,1,1,0,1,0,0,0,0,1
22,5,5,5,5,5,5,5,0,0,1,0,0,0,0,0,0,0,1,0,1,1,0,1,0,1,0,0,1,0,0,0,1
19,4,5,5,5,4,4,5,0,0,1,0,0,0,0,0,0,1,0,0,1,1,0,0,1,1,0,1,0,0,0,0,0
20,3,4,4,3,4,3,5,0,0,1,0,0,0,0,0,0,0,1,0,1,0,1,0,1,1,0,0,0,0,0,1,1
20,4,4,3,4,4,3,5,0,0,0,0,0,1,0,0,0,1,0,0,1,0,1,0,1,1,0,0,1,0,0,0,0
24,4,5,5,4,4,4,5,1,0,0,0,0,0,0,0,0,0,1,0,1,0,1,0,1,0,1,0,0,0,0,1,1
19,2,2,3,3,3,1,2,0,0,1,0,0,0,0,0,0,1,0,0,1,0,1,0,1,1,0,0,0,1,0,0,0
19,2,2,3,2,3,3,2,0,0,1,0,0,0,0,0,0,1,0,0,1,0,1,0,1,1,0,0,0,1,0,0,0
20,4,4,5,4,4,4,4,0,0,1,0,0,0,0,0,0,1,0,0,1,0,1,0,1,1,0,0,1,0,0,0,1
20,4,4,3,4,5,3,3,0,0,0,0,0,0,1,0,0,1,0,1,0,0,1,0,1,1,0,0,0,0,1,0,0
21,2,2,2,3,2,2,2,0,0,1,0,0,0,0,0,0,0,1,1,0,0,1,1,0,0,1,0,0,1,0,0,0
19,5,5,3,5,5,3,3,0,0,1,0,0,0,0,0,0,1,0,0,1,0,1,0,1,0,1,0,1,0,0,0,1
21,4,4,5,4,3,3,3,0,0,0,0,0,0,0,1,0,0,1,1,0,0,1,1,0,1,0,1,0,0,0,0,0
20,5,4,4,4,5,4,5,0,0,1,0,0,0,0,0,0,0,1,0,1,0,1,0,1,0,1,0,0,0,1,0,1
19,4,5,4,5,5,4,4,0,0,1,0,0,0,0,0,0,1,0,0,1,1,0,0,1,0,1,0,0,0,1,0,0
19,5,5,5,4,4,5,5,0,0,1,0,0,0,0,0,0,0,1,0,1,0,1,0,1,0,1,0,0,1,0,0,1
21,2,3,3,3,3,3,3,0,0,1,0,0,0,0,0,0,0,1,0,1,0,1,1,0,1,0,0,1,0,0,0,1
19,3,3,3,3,4,2,3,0,0,1,0,0,0,0,0,0,1,0,0,1,0,1,0,1,1,0,0,1,0,0,0,1
19,4,4,4,4,4,5,4,0,0,0,0,0,0,0,1,0,0,1,1,0,0,1,0,1,0,1,0,0,0,1,0,1
19,3,5,4,5,5,5,5,0,1,0,0,0,0,0,0,0,0,1,1,0,1,0,0,1,1,0,0,0,1,0,0,0
19,4,5,4,4,5,5,4,0,0,1,0,0,0,0,0,0,1,0,0,1,0,1,1,0,1,0,0,1,0,0,0,0
18,4,4,3,4,5,5,4,0,1,0,0,0,0,0,0,0,1,0,0,1,0,1,0,1,0,1,0,0,0,1,0,0
20,1,1,1,5,5,5,5,0,0,1,0,0,0,0,0,0,1,0,0,1,0,1,0,1,0,1,0,1,0,0,0,1
19,4,5,5,5,5,4,5,0,1,0,0,0,0,0,0,0,1,0,0,1,1,0,0,1,0,1,1,0,0,0,0,0
20,4,4,4,4,4,4,4,0,0,1,0,0,0,0,0,0,0,1,0,1,0,1,0,1,1,0,0,1,0,0,0,1
20,3,2,3,2,2,3,3,0,0,0,0,0,0,0,1,0,1,0,0,1,0,1,0,1,1,0,0,0,0,1,0,0
20,4,5,4,5,5,3,4,0,0,1,0,0,0,0,0,0,0,1,0,1,0,1,1,0,1,0,1,0,0,0,0,0
21,4,3,3,5,4,3,4,0,0,0,1,0,0,0,0,0,0,1,0,1,0,1,0,1,0,1,0,1,0,0,0,1
20,3,4,3,4,5,2,3,0,1,0,0,0,0,0,0,0,0,1,0,1,1,0,1,0,1,0,0,0,0,1,0,0
22,2,5,5,3,4,4,5,0,0,1,0,0,0,0,0,0,0,1,0,1,0,1,0,1,0,1,0,1,0,0,0,0
20,4,5,5,4,4,5,4,0,0,0,0,0,0,1,0,0,0,1,0,1,0,1,0,1,1,0,0,1,0,0,0,1
19,3,3,2,2,3,3,3,0,0,0,0,0,0,0,1,0,1,0,0,1,0,1,0,1,1,0,0,1,0,0,0,0
20,3,3,3,4,4,3,4,0,0,1,0,0,0,0,0,0,1,0,0,1,0,1,0,1,0,1,1,0,0,0,0,0
18,4,5,5,4,5,4,4,0,1,0,0,0,0,0,0,0,0,1,1,0,0,1,1,0,1,0,1,0,0,0,0,0
21,4,4,4,4,4,4,4,0,0,1,0,0,0,0,0,0,1,0,0,1,1,0,1,0,1,0,1,0,0,0,0,0
22,2,2,3,3,3,3,3,0,0,0,0,0,0,0,1,0,1,0,0,1,0,1,0,1,1,0,1,0,0,0,0,0
19,5,4,5,5,5,4,3,0,0,1,0,0,0,0,0,0,1,0,0,1,1,0,0,1,1,0,0,0,0,1,0,1
19,4,3,3,4,5,4,3,0,1,0,0,0,0,0,0,0,1,0,1,0,0,1,0,1,1,0,1,0,0,0,0,0
19,3,5,3,3,5,5,2,0,0,0,0,1,0,0,0,0,1,0,0,1,1,0,0,1,1,0,0,0,0,1,0,0
19,4,3,3,4,5,5,5,0,0,0,0,0,0,0,1,0,1,0,0,1,0,1,0,1,1,0,1,0,0,0,0,1
20,3,3,5,3,5,4,2,0,0,1,0,0,0,0,0,0,0,1,0,1,0,1,0,1,0,1,0,0,0,1,0,0
20,5,4,5,5,5,5,3,0,0,0,0,0,0,1,0,0,0,1,1,0,0,1,1,0,0,1,0,0,0,0,1,0
20,4,4,5,5,5,5,5,0,0,0,1,0,0,0,0,0,1,0,0,1,0,1,0,1,1,0,1,0,0,0,0,1
20,5,4,4,4,4,5,3,0,0,1,0,0,0,0,0,0,0,1,0,1,0,1,1,0,1,0,0,0,0,0,1,0
22,3,4,4,4,5,5,5,0,0,1,0,0,0,0,0,0,0,1,0,1,1,0,0,1,1,0,1,0,0,0,0,0
19,4,3,5,4,5,4,3,0,1,0,0,0,0,0,0,0,0,1,0,1,0,1,0,1,0,1,0,0,0,0,1,1
20,5,5,5,5,4,5,4,1,0,0,0,0,0,0,0,0,0,1,0,1,0,1,0,1,0,1,1,0,0,0,0,0
20,5,4,4,5,5,4,5,0,0,0,0,0,0,1,0,0,1,0,0,1,0,1,1,0,1,0,0,0,0,1,0,0
19,3,5,2,4,4,4,2,0,0,0,1,0,0,0,0,0,1,0,1,0,0,1,0,1,1,0,0,1,0,0,0,1
20,5,5,4,4,5,5,3,0,0,1,0,0,0,0,0,0,0,1,0,1,0,1,0,1,1,0,0,1,0,0,0,0
20,4,3,5,4,5,4,4,0,0,1,0,0,0,0,0,0,0,1,0,1,0,1,1,0,1,0,0,1,0,0,0,0
19,4,4,4,5,5,4,5,0,0,1,0,0,0,0,0,0,1,0,0,1,0,1,0,1,1,0,0,1,0,0,0,1
20,5,5,5,5,4,4,4,0,0,1,0,0,0,0,0,0,0,1,0,1,0,1,0,1,1,0,0,0,0,0,1,0
18,2,3,3,2,2,2,3,0,0,1,0,0,0,0,0,0,0,1,0,1,0,1,1,0,1,0,0,1,0,0,0,0
17,5,4,4,5,5,5,5,0,1,0,0,0,0,0,0,0,1,0,0,1,0,1,1,0,1,0,0,1,0,0,0,0
19,3,4,5,5,5,4,5,0,1,0,0,0,0,0,0,0,0,1,0,1,1,0,0,1,1,0,0,0,0,0,1,0
20,2,3,3,2,3,2,2,0,0,1,0,0,0,0,0,0,1,0,0,1,0,1,1,0,0,1,0,1,0,0,0,0
20,4,4,3,4,5,4,3,1,0,0,0,0,0,0,0,0,1,0,1,0,0,1,0,1,1,0,0,1,0,0,0,0
20,3,5,5,5,3,4,5,0,0,0,0,0,0,1,0,0,0,1,0,1,0,1,0,1,1,0,0,0,0,1,0,1
20,3,4,4,4,4,3,3,0,0,1,0,0,0,0,0,0,0,1,1,0,0,1,1,0,1,0,1,0,0,0,0,1
21,5,3,4,4,4,4,3,0,0,1,0,0,0,0,0,0,0,1,0,1,0,1,0,1,1,0,0,1,0,0,0,0
20,2,3,2,1,2,3,2,0,0,0,0,0,1,0,0,0,0,1,0,1,0,1,0,1,0,1,0,0,0,1,0,0
20,5,5,5,5,5,5,5,0,0,1,0,0,0,0,0,0,1,0,1,0,0,1,1,0,1,0,0,0,0,0,1,0
21,3,5,5,4,5,5,4,0,0,1,0,0,0,0,0,0,0,1,0,1,0,1,0,1,1,0,0,1,0,0,0,0
21,4,4,4,4,4,4,4,0,0,1,0,0,0,0,0,0,0,1,0,1,0,1,0,1,1,0,0,1,0,0,0,0
20,4,5,4,4,4,5,4,0,0,1,0,0,0,0,0,0,0,1,1,0,0,1,0,1,1,0,0,1,0,0,0,0
19,3,3,3,3,3,3,3,0,1,0,0,0,0,0,0,0,1,0,0,1,0,1,0,1,1,0,0,1,0,0,0,0
20,3,5,4,4,5,4,4,0,0,1,0,0,0,0,0,0,0,1,1,0,0,1,0,1,1,0,0,1,0,0,0,0
19,4,3,3,3,4,4,4,0,0,1,0,0,0,0,0,0,0,1,0,1,0,1,0,1,1,0,1,0,0,0,0,0
20,3,4,4,4,5,5,3,0,0,1,0,0,0,0,0,0,0,1,1,0,0,1,0,1,1,0,1,0,0,0,0,1
19,4,5,5,4,5,4,3,0,0,0,0,0,0,0,1,0,1,0,1,0,0,1,0,1,1,0,1,0,0,0,0,0
20,3,3,3,4,4,4,4,0,0,1,0,0,0,0,0,0,0,1,0,1,0,1,0,1,0,1,0,0,0,0,1,1
19,3,3,3,3,3,3,3,1,0,0,0,0,0,0,0,0,0,1,0,1,0,1,0,1,1,0,1,0,0,0,0,0
20,1,2,1,2,3,2,2,0,1,0,0,0,0,0,0,0,1,0,0,1,0,1,1,0,1,0,0,1,0,0,0,0
19,5,5,5,5,5,5,5,0,0,1,0,0,0,0,0,0,0,1,0,1,0,1,1,0,0,1,0,0,0,1,0,1
20,3,4,4,4,3,3,4,0,0,0,0,0,0,0,1,0,0,1,0,1,0,1,0,1,0,1,1,0,0,0,0,0
20,2,2,3,2,3,3,2,0,1,0,0,0,0,0,0,0,1,0,0,1,1,0,0,1,0,1,0,0,1,0,0,0
20,4,5,5,5,4,5,4,0,0,1,0,0,0,0,0,0,0,1,0,1,0,1,0,1,1,0,0,0,0,0,1,1
20,3,4,3,5,5,5,5,0,0,1,0,0,0,0,0,0,0,1,0,1,0,1,0,1,1,0,1,0,0,0,0,0
20,4,4,4,4,4,4,4,0,0,1,0,0,0,0,0,0,0,1,0,1,0,1,1,0,1,0,0,1,0,0,0,1
20,2,2,2,2,2,2,2,0,0,1,0,0,0,0,0,0,0,1,0,1,0,1,0,1,1,0,0,0,0,1,0,0
20,3,4,3,5,4,3,2,0,1,0,0,0,0,0,0,0,0,1,0,1,0,1,0,1,0,1,0,1,0,0,0,0
21,3,4,3,4,5,3,4,0,1,0,0,0,0,0,0,0,1,0,0,1,1,0,0,1,0,1,1,0,0,0,0,0
20,3,4,5,5,3,4,4,0,0,1,0,0,0,0,0,0,0,1,0,1,1,0,1,0,1,0,1,0,0,0,0,0
19,3,1,3,4,3,3,5,0,0,0,0,0,0,1,0,0,1,0,0,1,0,1,1,0,1,0,1,0,0,0,0,0
20,4,4,4,4,5,5,5,0,0,1,0,0,0,0,0,0,0,1,0,1,1,0,0,1,1,0,0,1,0,0,0,0
18,4,3,4,4,4,5,5,0,1,0,0,0,0,0,0,0,1,0,1,0,0,1,0,1,0,1,0,1,0,0,0,0
22,2,3,2,3,3,3,3,0,0,1,0,0,0,0,0,0,1,0,0,1,0,1,1,0,1,0,0,1,0,0,0,0
19,2,3,2,3,2,2,1,0,1,0,0,0,0,0,0,0,1,0,0,1,0,1,0,1,1,0,1,0,0,0,0,1
19,2,2,2,2,2,2,2,1,0,0,0,0,0,0,0,0,1,0,1,0,0,1,0,1,0,1,0,1,0,0,0,1
17,3,2,1,3,3,2,3,0,0,0,0,0,0,1,0,0,1,0,1,0,0,1,1,0,1,0,0,1,0,0,0,0
18,2,1,3,1,2,3,4,0,0,0,0,0,1,0,0,0,1,0,1,0,0,1,0,1,1,0,0,0,0,0,1,0
20,2,2,2,2,2,1,3,0,0,0,0,0,0,0,1,0,0,1,1,0,0,1,1,0,1,0,0,1,0,0,0,1
19,4,5,5,5,5,4,4,0,0,0,0,0,0,0,1,0,0,1,0,1,0,1,0,1,1,0,0,1,0,0,0,0
22,4,3,4,5,5,4,3,1,0,0,0,0,0,0,0,0,1,0,1,0,0,1,0,1,1,0,0,1,0,0,0,0
21,2,1,2,2,2,1,1,1,0,0,0,0,0,0,0,0,0,1,0,1,0,1,0,1,1,0,0,0,0,1,0,0
20,2,1,1,2,2,2,1,0,1,0,0,0,0,0,0,0,1,0,1,0,1,0,0,1,1,0,0,0,1,0,0,0
21,1,1,1,1,5,5,5,1,0,0,0,0,0,0,0,0,1,0,0,1,1,0,1,0,1,0,1,0,0,0,0,0
25,4,4,3,3,3,4,4,0,1,0,0,0,0,0,0,0,0,1,1,0,0,1,0,1,1,0,1,0,0,0,0,0
22,2,1,2,3,2,3,3,0,0,0,0,0,0,1,0,0,0,1,0,1,1,0,0,1,0,1,0,0,0,1,0,0
21,2,2,3,3,3,3,3,1,0,0,0,0,0,0,0,0,0,1,0,1,1,0,0,1,1,0,1,0,0,0,0,0
21,4,4,4,3,4,5,5,1,0,0,0,0,0,0,0,0,0,1,0,1,0,1,1,0,1,0,1,0,0,0,0,0
18,5,5,5,5,5,5,5,0,0,0,0,0,0,0,0,1,0,1,0,1,0,1,0,1,1,0,0,0,0,1,0,1
19,4,5,5,5,5,5,5,0,0,0,0,0,0,1,0,0,1,0,1,0,0,1,1,0,0,1,0,0,0,1,0,0
22,3,3,3,3,3,3,2,0,0,0,0,0,0,0,1,0,0,1,1,0,0,1,1,0,1,0,0,1,0,0,0,0
21,4,5,5,5,5,4,2,1,0,0,0,0,0,0,0,0,1,0,1,0,0,1,0,1,0,1,0,1,0,0,0,0
20,4,4,4,4,4,4,4,0,0,0,0,0,0,0,0,1,0,1,0,1,0,1,0,1,0,1,0,0,0,0,1,1
18,4,3,4,4,3,3,4,0,0,1,0,0,0,0,0,0,0,1,1,0,0,1,0,1,1,0,1,0,0,0,0,0
18,3,3,4,4,4,3,4,0,0,1,0,0,0,0,0,0,1,0,0,1,1,0,0,1,1,0,1,0,0,0,0,0
21,3,4,4,4,5,4,5,1,0,0,0,0,0,0,0,0,0,1,0,1,0,1,0,1,0,1,1,0,0,0,0,1
19,2,2,2,2,1,2,2,1,0,0,0,0,0,0,0,0,0,1,1,0,0,1,1,0,1,0,1,0,0,0,0,0
20,2,3,3,3,3,3,3,0,0,0,0,0,0,0,1,0,0,1,0,1,0,1,0,1,1,0,0,0,0,0,1,1
20,2,1,1,2,3,1,3,0,0,1,0,0,0,0,0,0,0,1,0,1,1,0,0,1,1,0,1,0,0,0,0,1
20,4,5,5,4,5,5,5,0,0,1,0,0,0,0,0,0,0,1,1,0,0,1,0,1,1,0,0,0,0,0,1,0
19,4,5,5,5,5,5,5,1,0,0,0,0,0,0,0,0,0,1,1,0,0,1,0,1,1,0,1,0,0,0,0,1
19,2,2,1,2,2,2,3,0,0,0,1,0,0,0,0,0,1,0,1,0,1,0,1,0,1,0,0,1,0,0,0,1
18,3,3,2,2,3,3,2,0,0,1,0,0,0,0,0,0,1,0,0,1,0,1,0,1,1,0,0,0,0,0,1,1
20,4,5,4,4,3,5,5,0,0,0,0,0,0,0,1,0,0,1,1,0,0,1,1,0,0,1,1,0,0,0,0,0
22,4,3,4,4,5,3,4,0,0,1,0,0,0,0,0,0,0,1,0,1,1,0,0,1,1,0,1,0,0,0,0,0
19,4,3,3,4,4,3,3,0,0,0,0,0,0,0,1,0,0,1,0,1,0,1,0,1,1,0,0,0,0,0,1,1
19,3,4,5,5,4,4,2,0,0,1,0,0,0,0,0,0,0,1,0,1,0,1,0,1,1,0,0,0,0,0,1,1
20,4,5,5,4,5,4,5,0,1,0,0,0,0,0,0,0,1,0,0,1,0,1,0,1,0,1,1,0,0,0,0,1
19,3,4,3,4,5,4,4,1,0,0,0,0,0,0,0,0,0,1,0,1,0,1,0,1,1,0,0,0,0,1,0,1
17,5,5,4,4,5,5,4,0,0,1,0,0,0,0,0,0,1,0,0,1,0,1,0,1,1,0,0,1,0,0,0,0
21,3,1,2,3,2,2,1,0,0,0,0,0,0,0,1,0,1,0,1,0,1,0,0,1,0,1,1,0,0,0,0,0
20,4,4,4,4,4,4,2,0,1,0,0,0,0,0,0,0,0,1,1,0,0,1,1,0,0,1,0,0,0,0,1,0
18,4,5,3,2,3,1,1,0,1,0,0,0,0,0,0,0,1,0,1,0,0,1,1,0,0,1,1,0,0,0,0,0
17,3,4,4,2,3,2,3,0,0,1,0,0,0,0,0,0,1,0,0,1,1,0,0,1,1,0,1,0,0,0,0,0
21,4,5,4,5,4,4,4,0,0,0,0,0,0,0,1,0,0,1,1,0,0,1,1,0,0,1,0,1,0,0,0,1
19,4,4,4,5,4,4,4,0,0,0,0,0,0,0,1,0,0,1,1,0,1,0,0,1,1,0,1,0,0,0,0,1
20,2,3,2,3,2,3,2,1,0,0,0,0,0,0,0,0,0,1,0,1,0,1,0,1,1,0,0,1,0,0,0,1
20,4,4,4,5,4,4,4,0,0,1,0,0,0,0,0,0,1,0,0,1,0,1,0,1,1,0,0,0,0,0,1,1
19,5,5,5,5,5,5,5,0,0,1,0,0,0,0,0,0,1,0,0,1,0,1,0,1,1,0,0,1,0,0,0,1
19,3,4,5,4,4,3,3,0,0,1,0,0,0,0,0,0,0,1,1,0,0,1,1,0,0,1,0,0,0,0,1,0
20,3,4,5,5,4,5,5,0,0,1,0,0,0,0,0,0,0,1,0,1,0,1,0,1,1,0,0,1,0,0,0,1
19,4,5,5,5,4,5,4,1,0,0,0,0,0,0,0,0,0,1,0,1,0,1,0,1,1,0,1,0,0,0,0,0
19,3,3,3,3,3,3,3,0,0,1,0,0,0,0,0,0,1,0,0,1,0,1,1,0,1,0,0,1,0,0,0,0
20,4,4,4,4,4,5,3,0,0,1,0,0,0,0,0,0,0,1,0,1,0,1,0,1,1,0,0,0,0,0,1,1
19,4,5,5,4,4,4,5,0,0,1,0,0,0,0,0,0,1,0,0,1,1,0,0,1,1,0,0,1,0,0,0,1
17,4,5,5,3,4,4,4,0,0,0,0,0,1,0,0,0,0,1,0,1,0,1,0,1,1,0,0,0,0,1,0,0
20,3,4,3,4,3,4,3,1,0,0,0,0,0,0,0,0,0,1,1,0,0,1,0,1,0,1,0,1,0,0,0,1
20,2,3,3,2,3,2,2,0,0,1,0,0,0,0,0,0,0,1,1,0,0,1,0,1,1,0,1,0,0,0,0,0
20,4,4,5,3,4,4,5,0,0,1,0,0,0,0,0,0,0,1,0,1,0,1,0,1,0,1,0,1,0,0,0,1
21,4,5,4,5,4,4,3,0,0,1,0,0,0,0,0,0,0,1,0,1,0,1,0,1,0,1,0,1,0,0,0,0
21,2,2,3,3,3,3,2,0,0,1,0,0,0,0,0,0,0,1,1,0,1,0,1,0,1,0,0,1,0,0,0,1
20,4,5,4,4,5,5,5,0,0,1,0,0,0,0,0,0,1,0,0,1,0,1,1,0,1,0,0,0,0,1,0,1
19,2,2,3,3,2,2,3,0,1,0,0,0,0,0,0,0,0,1,0,1,0,1,1,0,1,0,0,1,0,0,0,0
20,2,3,2,3,3,3,2,0,0,1,0,0,0,0,0,0,0,1,1,0,0,1,0,1,1,0,1,0,0,0,0,1
19,4,5,5,5,5,5,5,0,1,0,0,0,0,0,0,0,1,0,0,1,0,1,0,1,0,1,0,0,0,1,0,1
20,4,5,5,4,4,5,5,1,0,0,0,0,0,0,0,0,0,1,1,0,0,1,0,1,1,0,0,0,0,0,1,1
19,3,2,3,3,4,2,4,0,0,1,0,0,0,0,0,0,1,0,0,1,0,1,1,0,0,1,0,0,0,0,1,0
19,4,5,4,3,4,4,5,0,0,1,0,0,0,0,0,0,0,1,0,1,0,1,0,1,0,1,0,1,0,0,0,1
19,2,2,2,2,2,2,2,0,0,1,0,0,0,0,0,0,0,1,0,1,0,1,1,0,1,0,0,0,0,0,1,0
22,3,4,4,3,4,4,3,0,0,1,0,0,0,0,0,0,0,1,1,0,0,1,0,1,1,0,0,0,0,1,0,1
19,1,2,2,3,3,2,2,0,0,1,0,0,0,0,0,0,1,0,0,1,0,1,1,0,1,0,1,0,0,0,0,0
18,3,5,3,5,5,5,2,0,0,1,0,0,0,0,0,0,0,1,0,1,1,0,0,1,1,0,1,0,0,0,0,1
