largest_spot_size_0,largest_spot_size_1,largest_spot_size_2,largest_spot_size_3,largest_spot_size_4,largest_spot_size_5,spot_distribution_0,spot_distribution_1,spot_distribution_2,spot_distribution_3,Activity_1,Activity_2,Evolution_1,Evolution_2,Evolution_3,Previous_24_hour_flare_activity_code_1,Previous_24_hour_flare_activity_code_3,Historically-complex_1,Historically-complex_2,Did_region_become_historically_complex_1,Did_region_become_historically_complex_2,Area_1,Area_2,Area_of_the_largest_spot_1,Area_of_the_largest_spot_2,C-class_flares_production_by_this_region_0,C-class_flares_production_by_this_region_1,C-class_flares_production_by_this_region_2,M-class_flares_production_by_this_region_0,M-class_flares_production_by_this_region_1,M-class_flares_production_by_this_region_2,M-class_flares_production_by_this_region_4,X-class_flares_production_by_this_region_0,X-class_flares_production_by_this_region_1,class
0,0,0,0,1,0,0,0,1,0,1,0,0,1,0,1,0,1,0,0,1,1,0,0,1,1,0,0,1,0,0,0,1,0,1
0,0,0,0,1,0,0,0,1,0,1,0,0,0,1,1,0,1,0,0,1,1,0,0,1,1,0,0,1,0,0,0,1,0,2
0,0,0,0,1,0,0,0,1,0,1,0,0,0,1,1,0,1,0,0,1,1,0,1,0,1,0,0,1,0,0,0,1,0,1
0,0,0,0,1,0,0,0,1,0,1,0,0,0,1,1,0,1,0,0,1,1,0,0,1,1,0,0,1,0,0,0,1,0,2
1,0,0,0,0,0,0,0,1,0,1,0,0,0,1,1,0,1,0,0,1,1,0,0,1,1,0,0,1,0,0,0,1,0,2
1,0,0,0,0,0,0,0,1,0,1,0,0,1,0,1,0,1,0,0,1,1,0,0,1,1,0,0,1,0,0,0,1,0,2
1,0,0,0,0,0,0,0,1,0,1,0,0,1,0,1,0,1,0,0,1,1,0,1,0,1,0,0,1,0,0,0,1,0,2
1,0,0,0,0,0,0,0,1,0,1,0,0,1,0,1,0,1,0,0,1,1,0,0,1,1,0,0,1,0,0,0,1,0,2
0,0,1,0,0,0,0,0,1,0,1,0,0,0,1,1,0,1,0,0,1,1,0,0,1,1,0,0,1,0,0,0,1,0,2
0,0,0,1,0,0,0,0,1,0,1,0,0,0,1,1,0,1,0,0,1,1,0,1,0,1,0,0,1,0,0,0,1,0,1
0,0,0,0,0,1,0,0,1,0,1,0,0,0,1,1,0,1,0,0,1,1,0,1,0,1,0,0,1,0,0,0,1,0,0
0,0,0,0,1,0,0,0,1,0,1,0,0,1,0,1,0,1,0,0,1,1,0,1,0,1,0,0,1,0,0,0,1,0,2
0,1,0,0,0,0,0,1,0,0,1,0,0,0,1,1,0,1,0,0,1,1,0,0,1,1,0,0,1,0,0,0,1,0,1
0,0,0,1,0,0,0,0,1,0,1,0,0,0,1,1,0,1,0,0,1,1,0,1,0,1,0,0,1,0,0,0,1,0,2
0,0,0,0,0,1,0,0,1,0,1,0,0,1,0,1,0,1,0,0,1,1,0,1,0,1,0,0,1,0,0,0,1,0,0
0,0,0,0,0,1,0,0,1,0,1,0,0,0,1,1,0,1,0,0,1,1,0,1,0,1,0,0,1,0,0,0,1,0,0
0,0,1,0,0,0,0,1,0,0,1,0,0,0,1,1,0,1,0,0,1,1,0,0,1,1,0,0,1,0,0,0,1,0,2
0,0,0,0,1,0,0,0,1,0,1,0,0,1,0,1,0,1,0,0,1,1,0,0,1,1,0,0,1,0,0,0,1,0,2
0,0,0,1,0,0,0,0,1,0,1,0,0,1,0,1,0,1,0,0,1,1,0,1,0,1,0,0,1,0,0,0,1,0,2
1,0,0,0,0,0,0,1,0,0,1,0,0,1,0,1,0,1,0,0,1,1,0,0,1,1,0,0,1,0,0,0,1,0,1
0,0,0,0,1,0,0,0,1,0,1,0,0,1,0,1,0,1,0,0,1,1,0,1,0,1,0,0,1,0,0,0,1,0,1
0,0,0,0,0,1,0,0,1,0,1,0,0,0,1,1,0,1,0,0,1,1,0,1,0,1,0,0,1,0,0,0,1,0,0
0,0,0,0,0,1,0,0,1,0,1,0,0,1,0,1,0,1,0,0,1,1,0,1,0,1,0,0,1,0,0,0,1,0,0
0,0,0,1,0,0,0,0,0,1,1,0,0,1,0,1,0,1,0,1,0,1,0,0,1,1,0,0,1,0,0,0,1,0,5
0,0,0,0,0,1,0,1,0,0,1,0,0,0,1,1,0,1,0,0,1,1,0,1,0,1,0,0,1,0,0,0,1,0,0
0,0,0,1,0,0,0,1,0,0,1,0,0,0,1,1,0,1,0,0,1,1,0,0,1,1,0,0,1,0,0,0,1,0,1
0,0,0,0,0,1,0,0,1,0,1,0,0,0,1,1,0,1,0,0,1,1,0,1,0,1,0,0,1,0,0,0,1,0,0
0,0,0,0,0,1,0,0,1,0,1,0,0,0,1,1,0,1,0,0,1,1,0,0,1,1,0,0,1,0,0,0,1,0,0
1,0,0,0,0,0,0,1,0,0,1,0,0,0,1,1,0,0,1,0,1,1,0,0,1,1,0,0,1,0,0,0,1,0,2
1,0,0,0,0,0,0,0,1,0,1,0,0,0,1,1,0,1,0,0,1,1,0,0,1,0,1,0,1,0,0,0,0,1,2
0,0,0,0,0,1,0,0,1,0,1,0,0,0,1,1,0,1,0,0,1,1,0,1,0,1,0,0,1,0,0,0,1,0,0
1,0,0,0,0,0,0,1,0,0,1,0,0,0,1,1,0,1,0,0,1,1,0,0,1,1,0,0,1,0,0,0,1,0,2
0,0,0,0,0,1,0,0,1,0,1,0,0,0,1,1,0,1,0,0,1,1,0,0,1,1,0,0,1,0,0,0,1,0,0
0,0,0,1,0,0,0,0,1,0,1,0,0,0,1,1,0,1,0,0,1,1,0,0,1,1,0,0,1,0,0,0,1,0,2
1,0,0,0,0,0,0,0,1,0,1,0,0,1,0,1,0,1,0,0,1,1,0,1,0,1,0,0,1,0,0,0,1,0,2
1,0,0,0,0,0,0,1,0,0,1,0,0,0,1,1,0,1,0,0,1,1,0,1,0,1,0,0,1,0,0,0,1,0,1
1,0,0,0,0,0,0,1,0,0,1,0,0,1,0,1,0,0,1,0,1,1,0,1,0,0,1,0,1,0,0,0,1,0,2
1,0,0,0,0,0,0,1,0,0,0,1,0,1,0,0,1,1,0,0,1,1,0,0,1,1,0,0,1,0,0,0,1,0,2
1,0,0,0,0,0,0,1,0,0,1,0,0,1,0,1,0,0,1,0,1,1,0,0,1,1,0,0,1,0,0,0,1,0,2
0,0,0,0,0,1,0,0,1,0,1,0,0,0,1,1,0,1,0,0,1,1,0,1,0,1,0,0,1,0,0,0,1,0,0
0,0,0,1,0,0,0,0,1,0,1,0,1,0,0,1,0,1,0,0,1,1,0,1,0,1,0,0,1,0,0,0,1,0,2
1,0,0,0,0,0,0,1,0,0,1,0,0,1,0,1,0,1,0,0,1,1,0,1,0,1,0,0,1,0,0,0,1,0,2
0,0,0,0,1,0,0,0,1,0,1,0,1,0,0,1,0,1,0,0,1,1,0,1,0,1,0,0,1,0,0,0,1,0,2
0,0,0,0,1,0,0,1,0,0,1,0,0,0,1,1,0,1,0,0,1,1,0,1,0,1,0,0,1,0,0,0,1,0,2
1,0,0,0,0,0,0,1,0,0,1,0,0,0,1,1,0,0,1,0,1,1,0,0,1,0,0,1,0,1,0,0,1,0,2
1,0,0,0,0,0,0,1,0,0,0,1,0,0,1,1,0,0,1,0,1,1,0,1,0,1,0,0,1,0,0,0,1,0,2
1,0,0,0,0,0,0,1,0,0,1,0,0,1,0,1,0,0,1,0,1,1,0,1,0,1,0,0,1,0,0,0,1,0,2
0,0,0,0,0,1,0,0,1,0,1,0,0,1,0,1,0,1,0,0,1,1,0,1,0,1,0,0,1,0,0,0,1,0,0
0,0,0,0,1,0,0,0,1,0,1,0,0,0,1,1,0,0,1,0,1,1,0,0,1,1,0,0,1,0,0,0,1,0,2
0,0,0,0,1,0,0,0,1,0,1,0,0,0,1,1,0,1,0,0,1,1,0,1,0,1,0,0,1,0,0,0,1,0,2
0,0,0,0,0,1,0,0,1,0,1,0,0,0,1,1,0,1,0,0,1,1,0,1,0,1,0,0,1,0,0,0,1,0,0
1,0,0,0,0,0,0,0,1,0,1,0,0,0,1,1,0,0,1,0,1,1,0,0,1,1,0,0,1,0,0,0,1,0,2
0,0,1,0,0,0,1,0,0,0,0,1,0,0,1,1,0,0,1,0,1,1,0,0,1,0,1,0,0,1,0,0,1,0,2
1,0,0,0,0,0,0,1,0,0,1,0,0,0,1,1,0,0,1,0,1,1,0,0,1,1,0,0,1,0,0,0,1,0,2
0,0,0,0,0,1,0,0,1,0,1,0,0,0,1,1,0,1,0,0,1,1,0,1,0,1,0,0,1,0,0,0,1,0,0
1,0,0,0,0,0,0,0,1,0,1,0,0,0,1,1,0,0,1,0,1,1,0,0,1,1,0,0,1,0,0,0,1,0,2
0,0,0,0,1,0,0,1,0,0,1,0,0,0,1,1,0,1,0,0,1,1,0,1,0,1,0,0,1,0,0,0,1,0,2
0,0,1,0,0,0,1,0,0,0,1,0,0,1,0,1,0,1,0,0,1,1,0,0,1,1,0,0,1,0,0,0,1,0,2
1,0,0,0,0,0,0,1,0,0,1,0,0,1,0,1,0,1,0,0,1,1,0,0,1,1,0,0,1,0,0,0,1,0,2
0,0,0,0,0,1,0,0,1,0,1,0,0,0,1,1,0,1,0,0,1,1,0,1,0,1,0,0,1,0,0,0,1,0,0
0,0,0,0,1,0,0,0,1,0,1,0,0,1,0,1,0,0,1,0,1,1,0,0,1,1,0,0,1,0,0,0,1,0,2
0,0,1,0,0,0,1,0,0,0,0,1,0,0,1,0,1,0,1,0,1,1,0,0,1,0,1,0,0,0,1,0,0,1,2
0,0,1,0,0,0,0,1,0,0,0,1,0,0,1,1,0,0,1,0,1,1,0,0,1,1,0,0,1,0,0,0,1,0,3
0,0,0,0,1,0,0,1,0,0,1,0,0,0,1,1,0,0,1,0,1,1,0,0,1,0,1,0,1,0,0,0,1,0,2
0,0,0,0,1,0,0,0,1,0,1,0,0,1,0,1,0,0,1,0,1,1,0,0,1,1,0,0,1,0,0,0,1,0,1
0,0,0,0,1,0,0,1,0,0,1,0,0,0,1,1,0,0,1,0,1,1,0,0,1,1,0,0,1,0,0,0,1,0,2
0,1,0,0,0,0,0,0,0,1,1,0,0,1,0,1,0,0,1,0,1,1,0,1,0,0,1,0,1,0,0,0,1,0,5
0,0,0,0,1,0,0,1,0,0,1,0,0,0,1,1,0,0,1,0,1,1,0,0,1,1,0,0,1,0,0,0,1,0,2
0,0,0,0,0,1,0,0,1,0,1,0,0,0,1,1,0,1,0,0,1,1,0,1,0,1,0,0,1,0,0,0,1,0,0
0,0,0,0,0,1,0,0,1,0,1,0,0,0,1,1,0,1,0,0,1,1,0,1,0,1,0,0,1,0,0,0,1,0,0
0,0,0,1,0,0,0,0,1,0,1,0,0,0,1,1,0,1,0,0,1,1,0,1,0,1,0,0,1,0,0,0,1,0,1
0,0,0,0,1,0,0,0,0,1,1,0,0,1,0,1,0,1,0,1,0,1,0,0,1,1,0,0,1,0,0,0,1,0,5
1,0,0,0,0,0,0,0,1,0,1,0,0,1,0,1,0,0,1,0,1,1,0,0,1,1,0,0,1,0,0,0,1,0,2
0,0,1,0,0,0,1,0,0,0,0,1,0,1,0,0,1,0,1,0,1,1,0,0,1,1,0,0,1,0,0,0,1,0,2
0,0,1,0,0,0,0,1,0,0,1,0,0,0,1,1,0,0,1,0,1,1,0,0,1,1,0,0,0,0,1,0,0,1,2
0,0,0,0,1,0,0,1,0,0,1,0,0,1,0,1,0,0,1,0,1,1,0,1,0,1,0,0,0,1,0,0,1,0,2
1,0,0,0,0,0,0,0,1,0,1,0,0,1,0,1,0,0,1,0,1,1,0,0,1,1,0,0,1,0,0,0,1,0,1
0,0,0,0,1,0,0,0,1,0,1,0,1,0,0,1,0,0,1,0,1,1,0,0,1,1,0,0,1,0,0,0,1,0,2
0,0,0,0,1,0,0,0,0,1,1,0,0,0,1,1,0,0,1,0,1,1,0,0,1,1,0,0,1,0,0,0,1,0,5
0,0,1,0,0,0,0,1,0,0,1,0,0,0,1,1,0,0,1,0,1,1,0,0,1,1,0,0,1,0,0,0,1,0,2
0,0,0,1,0,0,0,0,0,1,1,0,0,1,0,1,0,1,0,0,1,1,0,0,1,1,0,0,1,0,0,0,1,0,5
0,0,0,0,0,1,0,0,1,0,1,0,0,1,0,1,0,1,0,0,1,1,0,1,0,1,0,0,1,0,0,0,1,0,0
0,0,0,0,1,0,0,0,0,1,1,0,0,0,1,1,0,1,0,1,0,1,0,0,1,1,0,0,1,0,0,0,1,0,5
0,0,0,0,1,0,0,0,1,0,1,0,1,0,0,1,0,0,1,0,1,1,0,0,1,1,0,0,1,0,0,0,1,0,1
0,0,1,0,0,0,1,0,0,0,0,1,0,1,0,0,1,0,1,0,1,1,0,0,1,1,0,0,1,0,0,0,1,0,2
1,0,0,0,0,0,0,1,0,0,1,0,0,1,0,1,0,0,1,0,1,1,0,0,1,1,0,0,1,0,0,0,1,0,2
0,0,0,0,1,0,0,0,1,0,0,1,0,1,0,1,0,0,1,0,1,1,0,1,0,1,0,0,1,0,0,0,1,0,1
0,0,0,0,1,0,0,0,1,0,1,0,0,1,0,1,0,0,1,0,1,1,0,0,1,1,0,0,1,0,0,0,1,0,1
0,0,0,0,1,0,0,0,1,0,1,0,0,1,0,1,0,0,1,0,1,1,0,0,1,1,0,0,1,0,0,0,1,0,1
0,0,0,0,1,0,0,0,1,0,0,1,0,0,1,1,0,0,1,0,1,1,0,0,1,1,0,0,1,0,0,0,1,0,1
0,0,1,0,0,0,0,1,0,0,1,0,0,0,1,1,0,0,1,0,1,1,0,0,1,1,0,0,0,1,0,0,1,0,2
0,0,0,1,0,0,0,0,0,1,1,0,0,1,0,1,0,1,0,0,1,1,0,0,1,1,0,0,1,0,0,0,1,0,5
0,0,0,0,1,0,0,0,0,1,1,0,0,0,1,1,0,1,0,1,0,1,0,0,1,1,0,0,1,0,0,0,1,0,5
0,0,0,0,1,0,0,0,1,0,1,0,0,1,0,1,0,1,0,0,1,1,0,0,1,0,1,0,1,0,0,0,1,0,1
0,0,1,0,0,0,0,0,1,0,1,0,0,1,0,0,1,0,1,0,1,1,0,0,1,1,0,0,1,0,0,0,1,0,1
0,0,0,0,1,0,0,0,1,0,1,0,1,0,0,0,1,0,1,0,1,1,0,0,1,1,0,0,1,0,0,0,1,0,1
0,0,0,0,1,0,0,0,1,0,1,0,1,0,0,1,0,0,1,0,1,1,0,0,1,1,0,0,1,0,0,0,1,0,1
0,0,1,0,0,0,0,1,0,0,1,0,0,0,1,1,0,0,1,0,1,1,0,0,1,1,0,0,1,0,0,0,1,0,1
1,0,0,0,0,0,1,0,0,0,1,0,0,0,1,1,0,0,1,0,1,1,0,0,1,1,0,0,1,0,0,0,1,0,3
0,0,0,1,0,0,0,0,0,1,1,0,0,1,0,1,0,1,0,0,1,1,0,0,1,1,0,0,1,0,0,0,1,0,5
0,0,0,0,1,0,0,0,0,1,1,0,0,1,0,1,0,1,0,1,0,1,0,0,1,1,0,0,1,0,0,0,1,0,5
0,0,0,1,0,0,0,0,0,1,1,0,0,1,0,1,0,1,0,0,1,1,0,0,1,1,0,0,1,0,0,0,1,0,5
0,0,0,0,1,0,0,0,0,1,0,1,0,1,0,1,0,1,0,0,1,1,0,0,1,1,0,0,1,0,0,0,1,0,5
0,0,0,0,0,1,0,0,1,0,1,0,0,0,1,1,0,1,0,0,1,1,0,0,1,1,0,0,1,0,0,0,1,0,0
0,0,0,0,1,0,0,1,0,0,1,0,0,1,0,1,0,0,1,0,1,1,0,0,1,1,0,0,1,0,0,0,1,0,1
0,0,0,0,1,0,0,0,0,1,1,0,1,0,0,1,0,0,1,0,1,1,0,0,1,1,0,0,1,0,0,0,0,1,5
0,0,1,0,0,0,1,0,0,0,1,0,0,0,1,0,1,0,1,0,1,1,0,0,1,1,0,0,0,1,0,0,1,0,2
1,0,0,0,0,0,0,1,0,0,0,1,0,1,0,0,1,0,1,0,1,1,0,0,1,1,0,0,1,0,0,0,1,0,2
0,0,0,0,1,0,0,0,0,1,1,0,0,1,0,1,0,1,0,0,1,1,0,0,1,1,0,0,1,0,0,0,1,0,5
0,0,0,0,0,1,0,0,1,0,1,0,0,1,0,1,0,1,0,0,1,1,0,1,0,1,0,0,1,0,0,0,1,0,0
0,0,0,0,1,0,0,1,0,0,0,1,0,0,1,0,1,1,0,0,1,1,0,1,0,1,0,0,0,1,0,0,1,0,1
0,0,0,0,1,0,0,0,1,0,1,0,1,0,0,1,0,1,0,0,1,1,0,0,1,1,0,0,0,1,0,0,1,0,1
0,0,1,0,0,0,0,0,0,1,0,1,0,1,0,0,1,0,1,0,1,1,0,0,1,1,0,0,1,0,0,0,1,0,5
0,0,1,0,0,0,0,1,0,0,1,0,0,0,1,1,0,0,1,0,1,1,0,0,1,1,0,0,1,0,0,0,1,0,2
1,0,0,0,0,0,0,0,0,1,1,0,0,0,1,1,0,1,0,0,1,1,0,0,1,1,0,0,1,0,0,0,1,0,5
0,0,0,1,0,0,0,0,1,0,1,0,1,0,0,1,0,1,0,0,1,1,0,0,1,1,0,0,1,0,0,0,1,0,1
0,0,0,1,0,0,0,0,1,0,1,0,0,0,1,1,0,1,0,0,1,1,0,0,1,1,0,0,1,0,0,0,1,0,1
0,0,0,0,0,1,0,0,1,0,1,0,0,0,1,1,0,1,0,0,1,1,0,1,0,1,0,0,1,0,0,0,1,0,0
0,0,0,0,0,1,0,0,1,0,1,0,0,0,1,1,0,1,0,0,1,1,0,1,0,0,1,0,1,0,0,0,1,0,0
0,0,1,0,0,0,0,0,0,1,1,0,0,0,1,1,0,0,1,0,1,1,0,0,1,1,0,0,1,0,0,0,1,0,5
0,0,1,0,0,0,0,1,0,0,1,0,0,0,1,1,0,0,1,0,1,1,0,0,1,1,0,0,1,0,0,0,1,0,1
0,0,0,0,1,0,0,0,0,1,1,0,0,1,0,1,0,1,0,0,1,1,0,0,1,1,0,0,1,0,0,0,1,0,5
0,0,0,0,0,1,0,0,1,0,1,0,0,0,1,1,0,1,0,0,1,1,0,1,0,1,0,0,1,0,0,0,1,0,0
0,0,0,1,0,0,0,1,0,0,0,1,0,0,1,0,1,1,0,0,1,1,0,0,1,1,0,0,1,0,0,0,1,0,1
0,0,0,1,0,0,0,0,0,1,1,0,0,1,0,0,1,1,0,0,1,1,0,0,1,1,0,0,1,0,0,0,1,0,5
0,0,0,0,0,1,0,0,1,0,1,0,0,0,1,1,0,1,0,0,1,1,0,1,0,1,0,0,1,0,0,0,1,0,0
0,0,0,1,0,0,0,0,1,0,1,0,0,0,1,1,0,1,0,0,1,1,0,0,1,1,0,0,1,0,0,0,1,0,2
0,0,1,0,0,0,0,0,0,1,1,0,0,1,0,1,0,0,1,0,1,1,0,0,1,1,0,0,1,0,0,0,1,0,5
0,0,1,0,0,0,0,1,0,0,1,0,0,1,0,1,0,0,1,0,1,1,0,0,1,1,0,0,1,0,0,0,1,0,2
0,1,0,0,0,0,0,0,0,1,1,0,0,0,1,1,0,1,0,0,1,1,0,0,1,1,0,0,1,0,0,0,1,0,5
0,0,0,0,0,1,0,1,0,0,1,0,0,0,1,1,0,1,0,0,1,1,0,1,0,1,0,0,1,0,0,0,1,0,0
0,0,0,0,0,1,0,0,1,0,1,0,0,0,1,1,0,1,0,0,1,1,0,1,0,1,0,0,1,0,0,0,1,0,0
0,0,0,0,0,1,0,1,0,0,1,0,0,0,1,1,0,1,0,0,1,1,0,1,0,1,0,0,1,0,0,0,1,0,0
0,0,0,1,0,0,0,0,1,0,0,1,0,1,0,1,0,1,0,0,1,1,0,0,1,0,1,0,1,0,0,0,1,0,2
1,0,0,0,0,0,0,0,0,1,1,0,0,0,1,1,0,0,1,0,1,1,0,0,1,1,0,0,1,0,0,0,1,0,5
0,0,1,0,0,0,0,0,1,0,1,0,0,1,0,1,0,0,1,0,1,1,0,0,1,1,0,0,1,0,0,0,1,0,1
0,0,0,0,1,0,0,0,0,1,1,0,0,1,0,1,0,1,0,0,1,1,0,0,1,1,0,0,1,0,0,0,1,0,5
0,0,0,0,0,1,0,0,1,0,1,0,0,1,0,1,0,1,0,0,1,1,0,1,0,1,0,0,1,0,0,0,1,0,0
0,0,0,0,0,1,0,0,1,0,1,0,0,1,0,1,0,1,0,0,1,1,0,1,0,0,1,0,1,0,0,0,1,0,0
0,0,0,1,0,0,0,0,1,0,1,0,0,0,1,1,0,1,0,0,1,1,0,1,0,1,0,0,1,0,0,0,1,0,1
0,0,0,0,0,1,0,1,0,0,1,0,0,0,1,1,0,1,0,0,1,1,0,1,0,1,0,0,1,0,0,0,1,0,0
1,0,0,0,0,0,0,0,1,0,1,0,0,0,1,1,0,0,1,0,1,1,0,0,1,1,0,0,1,0,0,0,1,0,1
0,0,1,0,0,0,0,1,0,0,1,0,0,1,0,1,0,0,1,0,1,1,0,0,1,1,0,0,1,0,0,0,1,0,1
0,0,0,0,1,0,0,0,0,1,1,0,0,1,0,1,0,1,0,0,1,1,0,0,1,1,0,0,1,0,0,0,1,0,5
0,0,0,0,1,0,0,1,0,0,1,0,0,0,1,1,0,1,0,0,1,1,0,1,0,1,0,0,1,0,0,0,1,0,2
0,0,0,0,0,1,0,0,1,0,1,0,0,1,0,1,0,1,0,0,1,1,0,1,0,1,0,0,1,0,0,0,1,0,0
0,0,0,0,0,1,0,0,1,0,0,1,0,1,0,1,0,1,0,0,1,1,0,1,0,1,0,0,1,0,0,0,1,0,0
0,0,0,0,1,0,0,0,0,1,1,0,0,1,0,1,0,1,0,1,0,1,0,0,1,1,0,0,1,0,0,0,1,0,5
1,0,0,0,0,0,0,0,0,1,1,0,0,0,1,1,0,1,0,0,1,1,0,0,1,1,0,0,1,0,0,0,1,0,5
0,0,1,0,0,0,0,1,0,0,1,0,0,0,1,1,0,0,1,0,1,1,0,0,1,0,0,1,0,0,0,1,1,0,1
0,0,0,0,0,1,0,0,1,0,1,0,0,0,1,1,0,1,0,0,1,1,0,0,1,1,0,0,1,0,0,0,1,0,0
0,0,0,0,1,0,0,0,0,1,1,0,0,0,1,1,0,1,0,1,0,1,0,0,1,1,0,0,1,0,0,0,1,0,5
0,0,0,0,1,0,0,0,1,0,1,0,0,0,1,1,0,1,0,0,1,1,0,0,1,1,0,0,0,1,0,0,1,0,1
1,0,0,0,0,0,0,1,0,0,1,0,0,0,1,1,0,1,0,0,1,1,0,0,1,1,0,0,1,0,0,0,1,0,1
0,0,0,0,1,0,0,0,0,1,1,0,0,0,1,1,0,1,0,1,0,1,0,0,1,1,0,0,1,0,0,0,1,0,5
0,0,0,0,1,0,0,0,1,0,1,0,0,0,1,1,0,1,0,0,1,1,0,0,1,0,1,0,1,0,0,0,1,0,2
0,0,0,0,1,0,0,0,1,0,1,0,0,1,0,0,1,0,1,0,1,1,0,0,1,1,0,0,1,0,0,0,1,0,1
0,0,0,0,0,1,0,0,1,0,1,0,0,1,0,1,0,1,0,0,1,1,0,1,0,1,0,0,1,0,0,0,1,0,0
0,0,0,0,1,0,0,0,0,1,1,0,0,1,0,1,0,1,0,1,0,1,0,0,1,1,0,0,1,0,0,0,1,0,5
0,0,0,0,1,0,0,0,1,0,1,0,0,0,1,1,0,1,0,0,1,1,0,0,1,1,0,0,1,0,0,0,1,0,1
0,0,0,0,1,0,0,0,1,0,1,0,0,0,1,1,0,1,0,0,1,1,0,0,1,1,0,0,1,0,0,0,1,0,1
1,0,0,0,0,0,0,0,0,1,1,0,0,0,1,1,0,1,0,1,0,1,0,0,1,0,0,1,1,0,0,0,1,0,5
0,0,0,0,0,1,0,0,1,0,0,1,1,0,0,1,0,1,0,0,1,1,0,1,0,0,1,0,1,0,0,0,1,0,0
0,0,0,1,0,0,0,0,0,1,1,0,0,1,0,1,0,1,0,1,0,1,0,0,1,1,0,0,1,0,0,0,1,0,5
0,0,0,0,1,0,0,0,1,0,0,1,0,1,0,1,0,0,1,0,1,1,0,0,1,1,0,0,0,1,0,0,1,0,1
0,0,0,0,1,0,0,0,0,1,1,0,0,0,1,1,0,1,0,1,0,1,0,0,1,1,0,0,1,0,0,0,1,0,5
0,0,0,0,1,0,0,0,0,1,0,1,0,1,0,0,1,1,0,0,1,1,0,0,1,1,0,0,1,0,0,0,1,0,5
0,0,0,0,1,0,0,0,1,0,1,0,0,1,0,1,0,1,0,0,1,1,0,0,1,1,0,0,1,0,0,0,1,0,1
1,0,0,0,0,0,0,1,0,0,1,0,0,0,1,1,0,1,0,0,1,1,0,0,1,1,0,0,1,0,0,0,1,0,1
0,0,0,0,1,0,0,1,0,0,1,0,0,0,1,1,0,1,0,0,1,1,0,0,1,1,0,0,0,0,1,0,1,0,3
0,0,0,0,0,1,0,0,1,0,1,0,0,1,0,1,0,1,0,0,1,1,0,1,0,1,0,0,1,0,0,0,1,0,0
0,0,0,0,1,0,0,0,1,0,1,0,0,1,0,1,0,1,0,0,1,1,0,0,1,0,1,0,1,0,0,0,1,0,2
0,0,0,0,1,0,0,0,1,0,1,0,1,0,0,1,0,0,1,0,1,1,0,0,1,1,0,0,1,0,0,0,1,0,1
0,0,0,0,1,0,0,0,1,0,1,0,0,1,0,1,0,1,0,0,1,1,0,0,1,1,0,0,1,0,0,0,1,0,1
0,0,0,0,1,0,0,0,0,1,1,0,1,0,0,1,0,1,0,0,1,1,0,0,1,1,0,0,1,0,0,0,1,0,5
0,0,0,0,1,0,0,0,1,0,1,0,0,1,0,1,0,1,0,0,1,1,0,0,1,1,0,0,1,0,0,0,1,0,1
0,0,0,0,1,0,0,1,0,0,0,1,0,1,0,1,0,1,0,0,1,1,0,0,1,1,0,0,1,0,0,0,1,0,1
0,0,0,0,1,0,0,0,1,0,1,0,0,1,0,1,0,0,1,0,1,1,0,0,1,0,0,1,0,0,0,1,1,0,2
0,0,0,0,1,0,0,0,1,0,1,0,0,0,1,1,0,1,0,0,1,1,0,0,1,0,1,0,1,0,0,0,1,0,2
0,0,0,0,0,1,0,0,1,0,1,0,0,0,1,1,0,1,0,0,1,1,0,0,1,1,0,0,1,0,0,0,1,0,0
1,0,0,0,0,0,0,0,1,0,1,0,0,0,1,1,0,1,0,0,1,1,0,0,1,1,0,0,1,0,0,0,1,0,1
0,0,0,0,1,0,0,0,1,0,1,0,0,0,1,1,0,1,0,0,1,1,0,0,1,1,0,0,1,0,0,0,1,0,1
0,0,0,1,0,0,0,1,0,0,1,0,0,0,1,1,0,1,0,0,1,1,0,0,1,1,0,0,1,0,0,0,1,0,1
0,0,0,0,0,1,0,0,1,0,1,0,0,1,0,0,1,0,1,0,1,1,0,0,1,1,0,0,1,0,0,0,1,0,0
0,0,0,0,0,1,0,1,0,0,0,1,0,0,1,1,0,1,0,0,1,1,0,0,1,0,1,0,1,0,0,0,1,0,0
0,1,0,0,0,0,0,0,1,0,1,0,0,1,0,1,0,1,0,0,1,1,0,0,1,1,0,0,1,0,0,0,1,0,2
0,0,0,0,1,0,0,0,0,1,1,0,1,0,0,1,0,1,0,0,1,1,0,0,1,1,0,0,1,0,0,0,1,0,5
0,0,0,1,0,0,0,0,0,1,1,0,0,1,0,1,0,1,0,0,1,1,0,0,1,1,0,0,1,0,0,0,1,0,5
1,0,0,0,0,0,0,0,0,1,1,0,0,1,0,1,0,1,0,0,1,1,0,0,1,1,0,0,1,0,0,0,1,0,5
0,0,0,1,0,0,0,1,0,0,1,0,0,1,0,1,0,1,0,0,1,1,0,0,1,1,0,0,1,0,0,0,1,0,1
0,0,0,1,0,0,0,0,1,0,0,1,1,0,0,1,0,1,0,0,1,1,0,0,1,1,0,0,1,0,0,0,1,0,1
0,0,1,0,0,0,0,0,1,0,1,0,0,0,1,1,0,1,0,0,1,1,0,0,1,0,1,0,1,0,0,0,1,0,2
0,0,0,1,0,0,0,0,1,0,1,0,0,1,0,1,0,1,0,0,1,1,0,0,1,1,0,0,1,0,0,0,1,0,2
0,0,0,0,1,0,0,0,0,1,1,0,0,1,0,1,0,1,0,0,1,1,0,0,1,1,0,0,1,0,0,0,1,0,5
0,0,0,0,0,1,0,0,1,0,1,0,0,1,0,1,0,1,0,0,1,1,0,1,0,1,0,0,1,0,0,0,1,0,0
0,0,0,0,0,1,0,1,0,0,1,0,0,0,1,1,0,1,0,0,1,1,0,0,1,1,0,0,1,0,0,0,1,0,0
0,0,0,0,0,1,0,0,1,0,1,0,0,0,1,1,0,1,0,0,1,1,0,1,0,1,0,0,1,0,0,0,1,0,0
0,0,0,0,1,0,0,0,1,0,1,0,0,0,1,1,0,1,0,0,1,1,0,0,1,0,1,0,0,1,0,0,1,0,1
1,0,0,0,0,0,0,1,0,0,1,0,0,0,1,1,0,1,0,0,1,1,0,0,1,1,0,0,1,0,0,0,1,0,2
0,0,0,0,0,1,0,0,1,0,1,0,0,0,1,1,0,1,0,0,1,1,0,0,1,1,0,0,0,1,0,0,1,0,0
0,0,0,0,0,1,0,0,1,0,1,0,0,1,0,1,0,1,0,0,1,1,0,0,1,1,0,0,1,0,0,0,1,0,0
0,0,0,0,0,1,0,1,0,0,1,0,0,0,1,1,0,1,0,0,1,1,0,1,0,1,0,0,1,0,0,0,1,0,0
0,0,0,0,0,1,0,1,0,0,1,0,0,0,1,1,0,1,0,0,1,1,0,1,0,1,0,0,1,0,0,0,1,0,0
1,0,0,0,0,0,0,1,0,0,1,0,0,0,1,1,0,1,0,0,1,1,0,0,1,1,0,0,1,0,0,0,1,0,2
0,1,0,0,0,0,0,1,0,0,0,1,0,0,1,1,0,1,0,0,1,1,0,0,1,1,0,0,1,0,0,0,1,0,1
0,0,1,0,0,0,0,0,1,0,1,0,0,0,1,1,0,0,1,0,1,1,0,0,1,0,0,1,1,0,0,0,1,0,2
0,0,0,0,0,1,0,0,1,0,1,0,0,0,1,1,0,1,0,0,1,1,0,0,1,0,1,0,1,0,0,0,1,0,0
0,0,1,0,0,0,0,1,0,0,1,0,0,0,1,1,0,1,0,0,1,1,0,1,0,1,0,0,1,0,0,0,1,0,1
1,0,0,0,0,0,0,0,1,0,1,0,0,1,0,1,0,1,0,0,1,1,0,0,1,1,0,0,1,0,0,0,1,0,1
1,0,0,0,0,0,0,1,0,0,1,0,0,1,0,1,0,1,0,0,1,1,0,0,1,1,0,0,1,0,0,0,1,0,2
0,0,0,0,0,1,0,0,1,0,1,0,0,0,1,1,0,1,0,0,1,1,0,0,1,1,0,0,1,0,0,0,1,0,0
0,0,0,0,0,1,0,1,0,0,1,0,0,0,1,1,0,1,0,0,1,1,0,0,1,1,0,0,1,0,0,0,1,0,0
0,0,0,0,0,1,0,0,1,0,1,0,0,0,1,1,0,1,0,0,1,1,0,0,1,0,1,0,0,1,0,0,1,0,0
0,0,0,0,0,1,0,1,0,0,1,0,0,1,0,1,0,0,1,0,1,1,0,0,1,1,0,0,1,0,0,0,1,0,0
0,0,0,0,0,1,0,1,0,0,1,0,0,0,1,1,0,1,0,0,1,1,0,1,0,1,0,0,1,0,0,0,1,0,0
1,0,0,0,0,0,0,1,0,0,1,0,0,0,1,1,0,0,1,0,1,1,0,0,1,1,0,0,1,0,0,0,1,0,1
0,1,0,0,0,0,0,1,0,0,0,1,0,1,0,0,1,1,0,0,1,1,0,0,1,0,1,0,0,1,0,0,1,0,1
0,0,0,1,0,0,0,0,1,0,1,0,0,1,0,0,1,1,0,0,1,1,0,0,1,1,0,0,1,0,0,0,1,0,1
1,0,0,0,0,0,0,0,1,0,1,0,0,1,0,1,0,1,0,0,1,1,0,0,1,1,0,0,1,0,0,0,1,0,3
0,0,0,0,1,0,0,0,1,0,1,0,1,0,0,1,0,1,0,0,1,1,0,0,1,1,0,0,1,0,0,0,1,0,1
1,0,0,0,0,0,0,1,0,0,1,0,0,0,1,1,0,0,1,0,1,1,0,0,1,1,0,0,1,0,0,0,1,0,2
0,0,0,0,0,1,0,0,1,0,0,1,0,0,1,1,0,1,0,0,1,1,0,0,1,1,0,0,0,1,0,0,1,0,0
0,0,0,1,0,0,0,0,1,0,1,0,0,0,1,1,0,1,0,0,1,1,0,0,1,1,0,0,1,0,0,0,1,0,1
0,0,0,0,1,0,0,1,0,0,1,0,0,1,0,1,0,0,1,0,1,1,0,0,1,1,0,0,1,0,0,0,1,0,2
1,0,0,0,0,0,0,0,0,1,1,0,0,0,1,1,0,1,0,1,0,1,0,0,1,1,0,0,1,0,0,0,1,0,5
0,0,0,0,0,1,0,0,1,0,1,0,0,1,0,1,0,1,0,0,1,1,0,1,0,1,0,0,1,0,0,0,1,0,0
1,0,0,0,0,0,0,0,1,0,1,0,0,0,1,1,0,0,1,0,1,1,0,0,1,1,0,0,1,0,0,0,1,0,1
0,1,0,0,0,0,0,1,0,0,1,0,0,0,1,1,0,1,0,0,1,1,0,0,1,1,0,0,1,0,0,0,1,0,2
0,0,1,0,0,0,0,0,1,0,1,0,0,0,1,1,0,1,0,0,1,1,0,0,1,0,1,0,1,0,0,0,1,0,3
0,0,0,0,1,0,0,0,0,1,1,0,0,0,1,1,0,1,0,0,1,1,0,0,1,1,0,0,1,0,0,0,1,0,5
0,0,1,0,0,0,1,0,0,0,1,0,0,0,1,1,0,0,1,0,1,1,0,0,1,1,0,0,1,0,0,0,1,0,2
0,0,0,0,0,1,0,0,1,0,1,0,0,0,1,1,0,1,0,0,1,1,0,1,0,1,0,0,1,0,0,0,1,0,0
0,0,0,0,0,1,0,0,1,0,0,1,0,1,0,0,1,1,0,0,1,1,0,1,0,1,0,0,1,0,0,0,1,0,0
1,0,0,0,0,0,0,1,0,0,1,0,0,0,1,1,0,1,0,0,1,1,0,0,1,1,0,0,1,0,0,0,1,0,2
1,0,0,0,0,0,0,1,0,0,1,0,0,0,1,1,0,0,1,0,1,1,0,0,1,1,0,0,1,0,0,0,1,0,1
0,0,0,1,0,0,0,0,0,1,1,0,0,1,0,1,0,1,0,1,0,1,0,0,1,1,0,0,1,0,0,0,1,0,5
0,0,0,1,0,0,0,0,1,0,1,0,1,0,0,1,0,0,1,0,1,1,0,1,0,1,0,0,1,0,0,0,1,0,1
0,1,0,0,0,0,0,1,0,0,0,1,0,0,1,0,1,0,1,0,1,1,0,0,1,1,0,0,1,0,0,0,1,0,2
0,0,1,0,0,0,0,1,0,0,0,1,0,1,0,0,1,0,1,0,1,1,0,0,1,1,0,0,0,1,0,0,1,0,3
0,0,1,0,0,0,0,1,0,0,1,0,0,0,1,1,0,1,0,0,1,1,0,0,1,1,0,0,1,0,0,0,1,0,3
0,0,0,0,1,0,0,0,1,0,1,0,0,1,0,1,0,1,0,0,1,1,0,0,1,1,0,0,1,0,0,0,1,0,1
0,0,1,0,0,0,1,0,0,0,1,0,0,0,1,1,0,0,1,0,1,1,0,0,1,0,1,0,1,0,0,0,1,0,2
0,0,0,0,0,1,0,0,1,0,1,0,0,0,1,1,0,1,0,0,1,1,0,1,0,1,0,0,1,0,0,0,1,0,0
0,0,0,0,0,1,0,0,1,0,0,1,0,1,0,0,1,1,0,0,1,1,0,1,0,1,0,0,1,0,0,0,1,0,0
0,0,0,0,1,0,0,0,1,0,1,0,0,0,1,1,0,0,1,0,1,1,0,0,1,1,0,0,1,0,0,0,1,0,2
0,0,0,1,0,0,0,0,0,1,1,0,0,0,1,1,0,1,0,0,1,1,0,0,1,1,0,0,1,0,0,0,1,0,5
1,0,0,0,0,0,0,0,0,1,1,0,0,0,1,1,0,0,1,0,1,1,0,0,1,1,0,0,1,0,0,0,1,0,5
0,0,0,1,0,0,0,0,0,1,1,0,0,1,0,1,0,1,0,1,0,1,0,0,1,1,0,0,1,0,0,0,1,0,5
0,0,0,0,1,0,0,0,0,1,1,0,0,0,1,1,0,1,0,0,1,1,0,0,1,1,0,0,1,0,0,0,1,0,5
0,0,0,1,0,0,0,1,0,0,1,0,0,0,1,1,0,1,0,0,1,1,0,0,1,1,0,0,1,0,0,0,1,0,1
0,1,0,0,0,0,0,1,0,0,1,0,0,1,0,1,0,0,1,0,1,1,0,0,1,0,1,0,1,0,0,0,1,0,1
0,0,1,0,0,0,0,1,0,0,0,1,0,0,1,1,0,0,1,0,1,1,0,0,1,1,0,0,1,0,0,0,1,0,3
0,0,0,0,1,0,0,0,0,1,1,0,0,1,0,1,0,1,0,0,1,1,0,0,1,1,0,0,1,0,0,0,1,0,5
0,0,1,0,0,0,1,0,0,0,1,0,0,0,1,1,0,0,1,0,1,1,0,0,1,1,0,0,0,1,0,0,0,1,2
0,0,0,0,1,0,0,1,0,0,1,0,0,0,1,1,0,0,1,0,1,1,0,0,1,1,0,0,1,0,0,0,1,0,2
1,0,0,0,0,0,0,0,0,1,1,0,0,0,1,1,0,0,1,0,1,1,0,0,1,1,0,0,0,1,0,0,0,1,5
0,0,0,1,0,0,0,0,0,1,1,0,0,1,0,1,0,1,0,1,0,1,0,1,0,1,0,0,1,0,0,0,1,0,5
0,0,0,0,1,0,0,0,0,1,1,0,0,1,0,1,0,1,0,0,1,1,0,0,1,1,0,0,1,0,0,0,1,0,5
0,0,0,0,0,1,0,0,1,0,1,0,0,0,1,1,0,1,0,0,1,1,0,0,1,1,0,0,1,0,0,0,1,0,0
0,1,0,0,0,0,0,0,1,0,1,0,0,1,0,1,0,0,1,0,1,1,0,0,1,1,0,0,1,0,0,0,1,0,1
0,0,1,0,0,0,1,0,0,0,1,0,0,0,1,1,0,0,1,0,1,1,0,0,1,1,0,0,0,1,0,0,1,0,3
0,0,0,0,1,0,0,0,1,0,1,0,0,0,1,1,0,1,0,0,1,1,0,0,1,1,0,0,1,0,0,0,1,0,1
0,0,1,0,0,0,1,0,0,0,0,1,0,0,1,1,0,0,1,0,1,0,1,0,1,0,0,1,1,0,0,0,1,0,2
0,0,0,0,1,0,0,0,1,0,1,0,0,1,0,1,0,0,1,0,1,1,0,0,1,1,0,0,1,0,0,0,1,0,1
0,0,0,1,0,0,0,0,1,0,1,0,0,1,0,1,0,0,1,0,1,1,0,1,0,1,0,0,1,0,0,0,1,0,1
0,0,0,0,0,1,0,0,1,0,1,0,0,0,1,1,0,1,0,0,1,1,0,1,0,1,0,0,1,0,0,0,1,0,0
0,0,0,1,0,0,0,0,0,1,1,0,0,0,1,1,0,1,0,0,1,1,0,0,1,1,0,0,1,0,0,0,1,0,5
1,0,0,0,0,0,0,1,0,0,1,0,0,0,1,1,0,1,0,0,1,1,0,0,1,1,0,0,1,0,0,0,1,0,3
0,0,0,0,0,1,0,0,1,0,1,0,0,1,0,1,0,1,0,0,1,1,0,1,0,1,0,0,1,0,0,0,1,0,0
0,0,0,0,1,0,0,0,0,1,0,1,0,0,1,1,0,0,1,0,1,1,0,0,1,1,0,0,1,0,0,0,1,0,5
1,0,0,0,0,0,0,1,0,0,0,1,0,1,0,0,1,0,1,0,1,1,0,0,1,1,0,0,1,0,0,0,1,0,3
0,0,1,0,0,0,0,1,0,0,1,0,0,1,0,1,0,0,1,0,1,1,0,0,1,0,1,0,1,0,0,0,1,0,3
0,0,0,0,1,0,0,0,0,1,1,0,0,0,1,1,0,1,0,0,1,1,0,0,1,1,0,0,1,0,0,0,1,0,5
0,0,1,0,0,0,1,0,0,0,0,1,0,0,1,0,1,0,1,0,1,0,1,0,1,1,0,0,0,0,1,0,1,0,2
0,0,0,0,1,0,0,1,0,0,1,0,0,1,0,1,0,0,1,0,1,1,0,1,0,1,0,0,1,0,0,0,1,0,1
0,0,0,0,0,1,0,0,1,0,1,0,0,0,1,1,0,1,0,0,1,1,0,1,0,1,0,0,1,0,0,0,1,0,0
1,0,0,0,0,0,0,1,0,0,1,0,0,0,1,1,0,0,1,0,1,1,0,0,1,1,0,0,1,0,0,0,1,0,3
0,0,0,0,0,1,0,0,1,0,1,0,0,0,1,1,0,1,0,0,1,1,0,1,0,1,0,0,1,0,0,0,1,0,0
0,0,1,0,0,0,0,0,0,1,1,0,0,1,0,1,0,0,1,0,1,1,0,0,1,1,0,0,1,0,0,0,1,0,5
1,0,0,0,0,0,0,1,0,0,0,1,0,1,0,0,1,0,1,0,1,1,0,0,1,1,0,0,0,1,0,0,1,0,3
0,1,0,0,0,0,0,0,0,1,1,0,0,0,1,1,0,1,0,0,1,1,0,0,1,1,0,0,1,0,0,0,1,0,5
0,0,1,0,0,0,1,0,0,0,0,1,0,1,0,1,0,0,1,0,1,0,1,0,1,0,1,0,1,0,0,0,1,0,2
1,0,0,0,0,0,0,0,1,0,1,0,0,0,1,1,0,0,1,0,1,1,0,0,1,1,0,0,1,0,0,0,1,0,1
0,0,1,0,0,0,0,1,0,0,1,0,0,0,1,1,0,1,0,0,1,1,0,0,1,1,0,0,1,0,0,0,1,0,3
0,0,0,0,1,0,0,0,0,1,1,0,0,1,0,1,0,0,1,0,1,1,0,0,1,1,0,0,1,0,0,0,1,0,5
1,0,0,0,0,0,0,1,0,0,0,1,0,1,0,1,0,0,1,0,1,1,0,0,1,0,0,1,1,0,0,0,1,0,3
0,0,0,0,1,0,0,0,0,1,1,0,0,1,0,1,0,1,0,0,1,1,0,0,1,1,0,0,1,0,0,0,1,0,5
0,0,1,0,0,0,1,0,0,0,0,1,0,1,0,0,1,0,1,0,1,0,1,0,1,0,1,0,0,0,1,0,1,0,2
0,0,0,0,1,0,0,0,0,1,1,0,1,0,0,1,0,0,1,0,1,1,0,0,1,1,0,0,1,0,0,0,1,0,5
0,0,0,0,1,0,0,1,0,0,1,0,0,0,1,1,0,1,0,0,1,1,0,0,1,1,0,0,1,0,0,0,1,0,3
0,0,0,0,1,0,0,0,0,1,1,0,0,1,0,1,0,0,1,0,1,1,0,0,1,1,0,0,1,0,0,0,1,0,5
0,0,0,0,1,0,0,0,1,0,0,1,0,1,0,0,1,0,1,0,1,1,0,0,1,1,0,0,0,1,0,0,1,0,3
0,0,0,0,1,0,0,0,0,1,1,0,0,1,0,1,0,1,0,0,1,1,0,0,1,1,0,0,1,0,0,0,1,0,5
0,0,1,0,0,0,1,0,0,0,0,1,0,1,0,1,0,0,1,0,1,0,1,0,1,0,1,0,0,1,0,0,1,0,2
0,0,0,0,1,0,0,0,0,1,1,0,0,1,0,1,0,0,1,0,1,1,0,0,1,1,0,0,1,0,0,0,1,0,5
0,0,0,0,1,0,0,0,1,0,1,0,0,1,0,1,0,0,1,0,1,1,0,0,1,1,0,0,1,0,0,0,1,0,1
0,0,0,0,0,1,0,0,1,0,1,0,0,0,1,1,0,1,0,0,1,1,0,1,0,1,0,0,1,0,0,0,1,0,0
0,0,0,0,0,1,0,0,1,0,1,0,0,0,1,1,0,1,0,0,1,1,0,1,0,1,0,0,1,0,0,0,1,0,0
0,0,0,0,1,0,0,0,0,1,1,0,0,0,1,1,0,1,0,1,0,1,0,0,1,1,0,0,1,0,0,0,1,0,5
0,0,0,0,1,0,0,0,0,1,1,0,0,1,0,1,0,0,1,0,1,1,0,0,1,1,0,0,1,0,0,0,1,0,5
1,0,0,0,0,0,0,0,1,0,0,1,0,0,1,1,0,0,1,0,1,1,0,0,1,1,0,0,1,0,0,0,1,0,3
0,0,0,0,1,0,0,0,0,1,1,0,0,0,1,1,0,1,0,0,1,1,0,0,1,1,0,0,1,0,0,0,1,0,5
0,0,1,0,0,0,1,0,0,0,0,1,0,1,0,0,1,0,1,0,1,0,1,0,1,0,1,0,1,0,0,0,0,1,2
0,0,0,0,1,0,0,0,0,1,1,0,0,0,1,1,0,0,1,0,1,1,0,0,1,1,0,0,1,0,0,0,1,0,5
1,0,0,0,0,0,0,0,1,0,1,0,0,1,0,1,0,0,1,0,1,1,0,0,1,1,0,0,1,0,0,0,1,0,1
1,0,0,0,0,0,0,0,1,0,1,0,0,0,1,1,0,1,0,0,1,1,0,0,1,1,0,0,1,0,0,0,1,0,2
0,0,0,0,1,0,0,0,1,0,1,0,0,0,1,1,0,1,0,0,1,1,0,0,1,1,0,0,1,0,0,0,1,0,2
0,0,0,0,1,0,0,0,1,0,1,0,1,0,0,0,1,0,1,0,1,1,0,0,1,1,0,0,1,0,0,0,1,0,1
0,0,0,0,1,0,0,0,0,1,1,0,0,1,0,1,0,1,0,0,1,1,0,0,1,1,0,0,1,0,0,0,1,0,5
0,0,1,0,0,0,1,0,0,0,0,1,0,0,1,0,1,0,1,0,1,0,1,0,1,1,0,0,1,0,0,0,1,0,2
0,0,0,1,0,0,0,0,1,0,1,0,0,1,0,1,0,0,1,0,1,1,0,0,1,1,0,0,1,0,0,0,1,0,1
0,0,0,1,0,0,0,0,1,0,1,0,0,0,1,1,0,1,0,0,1,1,0,0,1,1,0,0,1,0,0,0,1,0,2
1,0,0,0,0,0,0,0,1,0,1,0,0,0,1,1,0,1,0,0,1,1,0,0,1,1,0,0,1,0,0,0,1,0,3
0,0,0,1,0,0,0,0,1,0,1,0,0,0,1,1,0,1,0,0,1,1,0,1,0,1,0,0,1,0,0,0,1,0,1
0,0,1,0,0,0,1,0,0,0,1,0,0,0,1,1,0,1,0,0,1,0,1,0,1,1,0,0,0,0,1,0,1,0,3
